n_evals,hv_all
20,0.0
40,0.0
60,0.04374539104567028
80,0.04374539104567028
100,0.04374539104567028
120,0.046121861419018174
140,0.046121861419018174
160,0.046121861419018174
180,0.046121861419018174
200,0.05109966459734233
220,0.05109966459734233
240,0.05109966459734233
260,0.05109966459734233
280,0.05403966025017723
300,0.05403966025017723
320,0.05403966025017723
340,0.05908843628659008
360,0.05914210350001143
380,0.05914210350001143
400,0.05914210350001143
