Time_s,Budget_%,FailuresFound
0.0,0.0,0.0
1200.0,13.673582511407432,15.0
2400.0,27.347165022814863,26.0
3600.0,41.020747534222295,37.0
4800.0,54.69433004562973,54.0
6000.0,68.36791255703716,66.52435052254899
7200.0,82.04149506844459,81.0
8400.0,95.71507757985202,91.0
9600.0,109.38866009125945,93.0
