Time_s,Budget_%,FailuresFound
0.0,0.0,0.0
1200.0,12.967604482705536,10.0
2400.0,25.93520896541107,33.28209782690142
3600.0,38.90281344811661,41.0
4800.0,51.87041793082214,51.0
6000.0,64.83802241352768,73.0
7200.0,77.80562689623322,89.0
8400.0,90.77323137893876,101.0
9600.0,103.74083586164429,114.0
